FIDE ID,Name,Title,Tr.T.,Fed,Std.,Rpd.,Blz.,B-Year
1503014,"Carlsen, Magnus",GM,,NOR,2840,2832,2869,1990
4100018,"Kasparov, Garry",GM,FST,RUS,2812,2783,2712,1963
2016192,"Nakamura, Hikaru",GM,,USA,2792,2742,2838,1987
2020009,"Caruana, Fabiano",GM,,USA,2788,2727,2749,1992
14204118,"Abdusattorov, Nodirbek",GM,,UZB,2780,2703,2785,2004
14205483,"Sindarov, Javokhir",GM,,UZB,2776,2727,2662,2005
24116068,"Giri, Anish",GM,,NED,2767,2689,2666,1994
12940690,"Keymer, Vincent",GM,,GER,2759,2627,2621,2004
12573981,"Firouzja, Alireza",GM,,FRA,2759,2755,2796,2003
5202213,"So, Wesley",GM,,USA,2754,2705,2798,1993
8603405,"Wei, Yi",GM,,CHN,2753,2726,2698,1999
4101588,"Kramnik, Vladimir",GM,,RUS,2753,2700,2670,1975
35009192,Erigaisi Arjun,GM,,IND,2751,2741,2776,2003
14109603,"Karjakin, Sergey",GM,,RUS,2750,2687,2649,1990
5000017,"Anand, Viswanathan",GM,FST,IND,2739,2729,2704,1969
1170546,"Duda, Jan-Krzysztof",GM,,POL,2739,2683,2743,1998
8603677,"Ding, Liren",GM,,CHN,2738,2716,2757,1992
1039784,"Van Foreest, Jorden",GM,,NED,2735,2595,2690,1999
25059530,Praggnanandhaa R,GM,,IND,2733,2663,2698,2005
46616543,Gukesh D,GM,,IND,2732,2682,2646,2006
3503240,"Dominguez Perez, Leinier",GM,,USA,2732,2696,2594,1983
12401137,"Le, Quang Liem",GM,FST,VIE,2731,2636,2683,1991
738590,"Rapport, Richard",GM,,HUN,2729,2676,2625,1996
4168119,"Nepomniachtchi, Ian",GM,,RUS,2729,2726,2765,1990
2093596,"Niemann, Hans Moke",GM,,USA,2728,2646,2699,2003
13300474,"Aronian, Levon",GM,,USA,2724,2730,2740,1982
25092340,Nihal Sarin,GM,,IND,2723,2689,2723,2004
2056437,"Liang, Awonder",GM,,USA,2718,2522,2580,2003
13401319,"Mamedyarov, Shakhriyar",GM,,AZE,2717,2707,2632,1985
623539,"Vachier-Lagrave, Maxime",GM,,FRA,2717,2735,2761,1990
12521213,"Tabatabaei, M. Amin",GM,,IRI,2714,2593,2586,2001
8603820,"Yu, Yangyi",GM,,CHN,2714,2660,2707,1994
12539929,"Maghsoodloo, Parham",GM,,IRI,2710,2666,2625,2000
4158814,"Andreikin, Dmitry",GM,,FID,2710,2686,2688,1990
5029465,"Vidit, Santosh Gujrathi",GM,,IND,2708,2638,2688,1994
44599790,"Erdogmus, Yagiz Kaan",GM,,TUR,2708,2493,2546,2011
24130737,"Fedoseev, Vladimir",GM,,SLO,2700,2690,2756,1995
2040506,"Sevian, Samuel",GM,,USA,2696,2664,2677,2000
2900084,"Topalov, Veselin",GM,,BUL,2695,2607,2627,1975
400173,"Sadler, Matthew D",GM,,ENG,2694,2673,2646,1974
24651516,"Bluebaum, Matthias",GM,,GER,2694,2587,2634,1997
5072786,"Aravindh, Chithambaram VR.",GM,,IND,2692,2576,2550,1999
14203987,"Yakubboev, Nodirbek",GM,,UZB,2689,2568,2584,2002
13400924,"Radjabov, Teimour",GM,,AZE,2689,2646,2676,1987
8602883,"Wang, Hao",GM,,CHN,2684,2667,2639,1989
24175439,"Esipenko, Andrey",GM,,RUS,2684,2657,2651,2002
4122356,"Jakovenko, Dmitry",GM,,RUS,2682,2661,2624,1983
4102142,"Svidler, Peter",GM,,FID,2682,2680,2695,1976
4147235,"Tomashevsky, Evgeny",GM,,RUS,2681,2636,2613,1987
702293,"Almasi, Zoltan",GM,,HUN,2677,2599,2585,1976
5007003,"Harikrishna, Pentala",GM,,IND,2676,2595,2620,1986
703303,"Leko, Peter",GM,,HUN,2676,2700,2738,1979
700070,"Polgar, Judit",GM,FST,HUN,2675,2646,2736,1976
702218,"Gyimesi, Zoltan",GM,,HUN,2674,,,1977
14102951,"Eljanov, Pavel",GM,,UKR,2674,2605,2622,1983
14117908,"Kovalenko, Igor",GM,,UKR,2672,2592,2610,1988
4152956,"Vitiugov, Nikita",GM,,ENG,2666,2616,2586,1987
410608,"Howell, David W L",GM,,ENG,2665,2613,2574,1990
13413937,"Suleymanli, Aydin",GM,,AZE,2665,2535,2565,2005
14200244,"Kasimdzhanov, Rustam",GM,FST,UZB,2665,2646,2574,1979
24133795,"Sarana, Alexey",GM,,SRB,2664,2660,2685,2000
1710400,"Grandelius, Nils",GM,,SWE,2662,2611,2575,1993
8601445,"Bu, Xiangzhi",GM,,CHN,2661,2583,2719,1985
618438,"Tkachiev, Vladislav",GM,,FRA,2660,2673,2587,1973
1020854,"Van Kampen, Robin",GM,,NED,2658,2653,2558,1994
600016,"Lautier, Joel",GM,FST,FRA,2658,,,1973
25060783,"Pranav, V",GM,,IND,2657,2564,2642,2006
1512668,"Christiansen, Johan-Sebastian",GM,,NOR,2657,2476,2544,1998
14508150,"Saric, Ivan",GM,FT,CRO,2657,2595,2600,1990
2285525,"Anton Guijarro, David",GM,,ESP,2657,2610,2548,1995
2047640,"Xiong, Jeffery",GM,,USA,2656,2694,2703,2000
4135539,"Alekseenko, Kirill",GM,,AUT,2656,2595,2620,1997
24126055,"Dubov, Daniil",GM,,RUS,2654,2687,2792,1996
4162722,"Inarkiev, Ernesto",GM,FT,RUS,2653,2614,2514,1985
2023970,"Robson, Ray",GM,,USA,2653,2637,2620,1994
14129574,"Shevchenko, Kirill",GM,,ROU,,,,2002
4116992,"Morozevich, Alexander",GM,,RUS,2653,2629,2583,1977
1118358,"Wojtaszek, Radoslaw",GM,,POL,2650,2612,2558,1987
1226380,"Deac, Bogdan-Daniel",GM,,ROU,2650,2613,2649,2001
44155573,"Murzin, Volodar",GM,,FID,2650,2602,2662,2006
3805662,"Martinez Alcantara, Jose Eduardo",GM,,MEX,2650,2625,2663,1999
8601160,"Ni, Hua",GM,FST,CHN,2649,2619,2579,1983
13402129,"Safarli, Eltaj",GM,FT,AZE,2648,2614,2619,1992
5074452,"Karthikeyan, Murali",GM,,IND,2648,2530,2511,1999
2004887,"Shankland, Sam",GM,,USA,2647,2624,2613,1991
12923044,"Svane, Frederik",GM,,GER,2645,2497,2554,2004
24603295,"Donchenko, Alexander",GM,,GER,2645,2573,2536,1998
4108116,"Chigaev, Maksim",GM,,ESP,2644,2596,2514,1996
2205530,"Vallejo Pons, Francisco",GM,FT,ESP,2644,2638,2584,1982
13306766,"Sargsyan, Shant",GM,,ARM,2644,2616,2575,2002
4100069,"Salov, Valery",GM,,RUS,2644,,,1964
14116731,"Ipatov, Alexander",GM,,TUR,2644,2584,2544,1993
24125890,"Oparin, Grigoriy",GM,,USA,2643,2606,2670,1997
4126025,"Grischuk, Alexander",GM,,RUS,2641,2684,2678,1983
44507356,"Gurel, Ediz",GM,,TUR,2641,2538,2559,2008
24101605,"Artemiev, Vladislav",GM,,RUS,2641,2740,2732,1998
1510045,"Tari, Aryan",GM,,NOR,2641,2550,2598,1999
9301348,"Salem, A.R. Saleh",GM,,UAE,2640,2597,2643,1993
14101025,"Onischuk, Alexander",GM,FST,USA,2640,2618,2639,1975
409561,"Maroroa Jones, Gawain C B",GM,,ENG,2639,2604,2642,1987
14103320,"Ponomariov, Ruslan",GM,,UKR,2638,2640,2610,1983
30920019,"Mishra, Abhimanyu",GM,,USA,2638,2598,2541,2009
35093487,"Sadhwani, Raunak",GM,,IND,2638,2576,2648,2005
5084423,Aryan Chopra,GM,,IND,2637,2598,2603,2001
14204223,"Vokhidov, Shamsiddin",GM,,UZB,2637,2527,2550,2002
13601326,"Azmaiparashvili, Zurab",GM,FST,GEO,2637,2619,2596,1960
4115309,"Rublevsky, Sergei",GM,FST,RUS,2637,2603,2591,1974
13306553,"Martirosyan, Haik M.",GM,,ARM,2636,2625,2686,2000
13302485,"Melkumyan, Hrant",GM,,ARM,2636,2686,2604,1989
13401378,"Guseinov, Gadir",GM,FT,AZE,2636,2603,2587,1986
13401653,"Mamedov, Rauf",GM,,AZE,2636,2594,2646,1988
2805677,"Gelfand, Boris",GM,,ISR,2635,2625,2580,1968
4262875,"Theodorou, Nikolas",GM,,GRE,2635,2600,2555,2000
13306677,"Hakobyan, Aram",GM,,ARM,2635,2542,2593,2001
30953499,"Woodward, Andy",GM,,USA,2635,2521,2496,2010
12909572,"Kollars, Dmitrij",GM,,GER,2635,2546,2565,1999
8603332,"Lu, Shanglei",GM,,CHN,2635,2601,2688,1995
14100010,"Ivanchuk, Vasyl",GM,,UKR,2634,2618,2589,1969
358878,"Nguyen, Thai Dai Van",GM,,CZE,2633,2516,2563,2001
35028600,Pranesh M,GM,,IND,2632,2521,2587,2006
114987,"Kovalyov, Anton",GM,,CAN,2631,2585,2583,1992
712779,"Gledura, Benjamin",GM,FI,HUN,2630,2575,2564,1999
13700464,"Sadvakasov, Darmen",GM,,KAZ,2629,2563,2566,1979
400041,"Adams, Michael",GM,,ENG,2629,2614,2695,1971
13302507,"Hovhannisyan, Robert",GM,,ARM,2629,2530,2557,1991
10601457,"Amin, Bassem",GM,FT,EGY,2627,2582,2550,1988
2905540,"Cheparinov, Ivan",GM,FST,BUL,2627,2615,2575,1986
14603853,"Lenic, Luka",GM,,SLO,2626,2627,2631,1988
1444948,"Bjerre, Jonas Buhl",GM,,DEN,2626,2580,2507,2004
605506,"Bacrot, Etienne",GM,,FRA,2626,2636,2589,1983
8604436,"Li, Chao b",GM,,CHN,2625,2579,2684,1989
1000268,"Van Wely, Loek",GM,FST,NED,2625,2552,2553,1972
34189030,"Grebnev, Aleksey",GM,,FID,2625,2537,2493,2006
309095,"Navara, David",GM,,CZE,2624,2602,2618,1985
1000055,"Piket, Jeroen",GM,,NED,2624,,,1969
8601429,"Wang, Yue",GM,,CHN,2623,2615,2641,1987
14107090,"Volokitin, Andrei",GM,,UKR,2623,2513,2478,1986
13515110,"Lazavik, Denis",GM,,BLR,2621,2603,2643,2006
4120787,"Malakhov, Vladimir",GM,FST,FID,2620,2643,2596,1980
14113325,"Shtembuliak, Evgeny",GM,,UKR,2620,2520,2520,1999
4657101,"Svane, Rasmus",GM,,GER,2620,2565,2612,1997
14116804,"Zherebukh, Yaroslav",GM,,USA,2620,2620,2531,1993
2000032,"Seirawan, Yasser",GM,FST,USA,2620,2647,2523,1960
35042025,Aditya Mittal,GM,,IND,2619,2449,2393,2006
4107012,"Antipov, Mikhail Al.",GM,FT,USA,2618,2605,2605,1997
662399,"Lagarde, Maxime",GM,,FRA,2618,2596,2583,1994
4100026,"Karpov, Anatoly",GM,FST,RUS,2617,2583,2627,1951
13409301,"Muradli, Mahammad",GM,,AZE,2617,2553,2559,2003
14114038,"Onyshchuk, Volodymyr",GM,,UKR,2617,2640,2633,1991
24107581,"Predke, Alexandr",GM,,SRB,2616,2600,2587,1994
14107180,"Drozdovskij, Yuri",GM,,UKR,2616,2612,2660,1984
4151348,"Khairullin, Ildar",GM,,RUS,2615,2671,2657,1990
2293307,"Santos Latasa, Jaime",GM,FI,ESP,2615,2630,2600,1996
715620,"Chernin, Alexander",GM,FST,HUN,2614,,,1960
14109182,"Kryvoruchko, Yuriy",GM,,UKR,2614,2681,2587,1986
1400355,"Nielsen, Peter Heine",GM,FST,DEN,2614,2669,2546,1973
1188062,"Gumularz, Szymon",GM,,POL,2613,2532,2546,2001
2809052,"Nabaty, Tamir",GM,,ISR,2613,2658,2627,1991
13302531,"Ter-Sahakyan, Samvel",GM,,ARM,2613,2553,2553,1993
3802272,"Cori, Jorge",GM,FT,PER,2613,2621,2607,1995
14113007,"Kononenko, Dmitry",GM,,UKR,2613,2546,2706,1988
35028561,"Mendonca, Leon Luke",GM,,IND,2613,2544,2487,2006
642908,"Moussard, Jules",GM,,FRA,2613,2610,2637,1995
14105730,"Korobov, Anton",GM,,UKR,2612,2614,2643,1985
4675789,"Meier, Georg",GM,,URU,2612,2598,2529,1987
5016690,"Negi, Parimarjan",GM,,IND,2612,2613,2613,1993
13402935,"Durarbayli, Vasif",GM,,AZE,2611,2560,2590,1992
8608288,"Xu, Xiangyu",GM,,CHN,2611,2605,2543,1999
4120426,"Galkin, Alexander",GM,,RUS,2611,2511,2511,1979
4160258,"Demchenko, Anton",GM,,SLO,2611,2514,2492,1987
8603154,"Ma, Qun",GM,,CHN,2611,2604,2598,1991
4201345,"Papaioannou, Ioannis",GM,FT,GRE,2611,2614,2666,1976
4100140,"Bareev, Evgeny",GM,FST,CAN,2611,2617,2646,1966
608742,"Fressinet, Laurent",GM,,FRA,2610,2592,2565,1981
36083534,"Maurizzi, MarcAndria",GM,,FRA,2610,2541,2526,2007
4170350,"Popov, Ivan",GM,,RUS,2610,2577,2554,1990
13300881,"Sargissian, Gabriel",GM,,ARM,2610,2622,2574,1983
400076,"Hodgson, Julian M",GM,,ENG,2609,,,1963
2606771,"Hansen, Eric",GM,,CAN,2609,2536,2543,1992
718572,"Berkes, Ferenc",GM,,HUN,2608,2626,2664,1985
2801906,"Alterman, Boris",GM,FST,ISR,2608,2601,,1970
5061245,"Puranik, Abhimanyu",GM,,IND,2607,2535,2539,2000
14112906,"Kuzubov, Yuriy",GM,,UKR,2607,2592,2522,1990
30909694,"Yoo, Christopher Woojin",GM,,USA,2607,2501,2578,2006
14109158,"Pilavov, Georgy",GM,,RUS,2607,2507,2507,1974
3800024,"Granda Zuniga, Julio E",GM,,PER,2606,2561,2606,1967
1006673,"Stellwagen, Daniel",GM,,NED,2605,,,1987
8603537,"Zhou, Jianchao",GM,,USA,2605,2574,2491,1988
14120828,"Bortnyk, Olexandr",GM,,UKR,2604,2609,2722,1996
22291482,"Santos Ruiz, Miguel",GM,,ESP,2604,2493,2544,1999
3409350,"Henriquez Villagra, Cristobal",GM,,CHI,2603,2605,2506,1996
4157770,"Afromeev, Vladimir",FM,,RUS,2603,,2623,1954
13601733,"Izoria, Zviad",GM,,USA,2602,2579,2626,1984
2802007,"Sutovsky, Emil",GM,FST,ISR,2602,2586,2524,1977
240990,"Dardha, Daniel",GM,,BEL,2602,2573,2581,2005
911925,"Indjic, Aleksandar",GM,,SRB,2602,2569,2657,1995
503142,"Nyback, Tomi",GM,,FIN,2601,2561,2529,1985
13700014,"Vladimirov, Yevgeniy",GM,FST,KAZ,2601,2547,2512,1957
8601674,"Zhou, Weiqi",GM,,CHN,2600,2607,2590,1986
950122,"Ivic, Velimir",GM,,SRB,2600,2498,2524,2002
12401110,"Nguyen, Ngoc Truong Son",GM,,VIE,2600,2512,2532,1990
8602280,"Bai, Jinshi",GM,,CHN,2599,2560,2553,1999
46634827,Bharath Subramaniyam H,GM,,IND,2599,2475,2546,2007
13402960,"Abasov, Nijat",GM,FST,AZE,2599,2557,2555,1995
24198455,"Nesterov, Arseniy",GM,,FID,2599,2581,2546,2003
15001334,"Najdoski, Toni",GM,,MKD,2598,,,1970
14700077,"Amonatov, Farrukh",GM,FST,TJK,2598,2593,2583,1978
4132394,"Belov, Vladimir",GM,,FID,2598,2510,2490,1984
14109530,"Areshchenko, Alexander",GM,,UKR,2598,2558,2580,1986
4168003,"Matlakov, Maxim",GM,,RUS,2598,2604,2614,1991
14109409,"Zubov, Alexander",GM,,UKR,2598,2688,2686,1983
14113147,"Kravtsiv, Martyn",GM,,UKR,2598,2641,2696,1990
14114470,"Vovk, Andriy",GM,,UKR,2597,2538,2535,1991
4111990,"Khanin, Semen",GM,,FID,2597,2501,2456,1999
14506688,"Brkic, Ante",GM,FT,CRO,2597,2534,2552,1988
2209390,"Shirov, Alexei",GM,,ESP,2597,2610,2616,1972
404853,"McShane, Luke J",GM,,ENG,2597,2647,2594,1984
4100115,"Khalifman, Alexander",GM,FST,FID,2597,2510,,1966
46626786,Pranav Anand,GM,,IND,2596,2464,2474,2006
8602980,"Hou, Yifan",GM WGM,FST,CHN,2596,2529,2521,1994
12576468,"Daneshvar, Bardiya",GM,,IRI,2596,2546,2549,2006
2000024,"Kamsky, Gata",GM,,FRA,2596,2640,2645,1974
24249971,"Zemlyanskii, Ivan",GM,,RUS,2595,2564,2554,2010
2806851,"Rodshtein, Maxim",GM,,ISR,2595,2574,2509,1989
14187086,"Samunenkov, Ihor",GM,,UKR,2595,2453,2540,2009
4118987,"Najer, Evgeniy",GM,FST,FID,2594,2535,2496,1977
13301578,"Pashikian, Arman",GM,FST,ARM,2594,2585,2535,1987
400025,"Short, Nigel D",GM,,ENG,2594,2535,2528,1965
12510130,"Idani, Pouya",GM,,IRI,2594,2539,2535,1995
310204,"Movsesian, Sergei",GM,FT,ARM,2594,2608,2589,1978
4125029,"Riazantsev, Alexander",GM,,RUS,2594,2503,2522,1985
30901561,"Jacobson, Brandon",GM,,USA,2594,2493,2517,2003
12961523,"Engel, Luis",GM,,GER,2593,2452,2455,2002
4194985,"Paravyan, David",GM,,FID,2593,2553,2583,1998
722413,"Banusz, Tamas",GM,FT,HUN,2593,2557,2607,1989
4627253,"Doettling, Fabian",GM,,GER,2592,,,1980
1007998,"L'Ami, Erwin",GM,,NED,2592,2642,2675,1985
3518736,"Albornoz Cabrera, Carlos Daniel",GM,,CUB,2592,2621,2550,2000
14200988,"Filippov, Anton",GM,FST,UZB,2592,2494,2514,1986
2099438,"Hong, Andrew",GM,,USA,2592,2557,2516,2004
8600511,"Peng, Xiaomin",GM,,CHN,2591,,,1973
3504409,"Quesada Perez, Yuniesky",GM,,USA,2591,2625,2589,1984
2257327,"Salgado Lopez, Ivan",GM,FST,ESP,2591,2566,2540,1991
24650684,"Wagner, Dennis",GM,,GER,2591,2420,2467,1997
916811,"Solak, Dragan",GM,,TUR,2591,,2512,1980
2022036,"Hess, Robert",GM,,USA,2591,2621,2557,1991
4167392,"Chadaev, Nikolai",GM,,RUS,2591,2629,2733,1988
13900048,"Bologan, Victor",GM,FST,MDA,2590,2484,2463,1971
1400010,"Hansen, Curt",GM,,DEN,2590,2596,,1964
884189,"Lodici, Lorenzo",GM,,ITA,2590,2492,2505,2000
2603608,"Bluvshtein, Mark",GM,,CAN,2590,,,1988
4173708,"Rakhmanov, Aleksandr",GM,FT,FID,2590,2521,2503,1989
5804418,"Tin, Jingyao",GM,,SGP,2589,2526,2482,2000
3901211,"Iturrizaga Bonelli, Eduardo",GM,,ESP,2589,2591,2632,1989
1046730,"Schoppen, Casper",GM,,NED,2589,2574,2591,2002
14102595,"Miroshnichenko, Evgenij",GM,FST,UKR,2588,2573,2539,1978
2101246,"Leitao, Rafael",GM,FT,BRA,2588,2618,2594,1979
25002767,"Iniyan, Pa",GM,,IND,2587,2452,2432,2002
2200015,"Illescas Cordoba, Miguel",GM,FST,ESP,2587,2612,2570,1965
4663527,"Braun, Arik",GM,,GER,2587,2623,2535,1988
14210703,"Madaminov, Mukhiddin",GM,,UZB,2586,2500,2523,2006
2000628,"Gurevich, Ilya",GM,,USA,2586,2559,2571,1972
3208923,"Smirnov, Anton",GM,,AUS,2586,2518,2604,2001
24131423,"Yuffa, Daniil",GM,,ESP,2586,2486,2538,1997
4129199,"Grachev, Boris",GM,,RUS,2586,2592,2495,1986
24604747,"Huschenbeth, Niclas",GM,,GER,2586,2562,2543,1992
8622388,"Xiao, Tong(QD)",GM,,CHN,2586,2441,2427,2008
316385,"Laznicka, Viktor",GM,,CZE,2585,2639,2511,1988
14102536,"Fedorchuk, Sergey A.",GM,,UKR,2585,2592,2530,1981
12401153,"Le, Tuan Minh",GM,FT,VIE,2585,2505,2576,1996
728446,"dr. Balog, Imre",GM,,HUN,2585,2603,2591,1991
8600040,"Ye, Jiangchuan",GM,FST,CHN,2585,,,1960
4100107,"Dreev, Aleksey",GM,FST,RUS,2584,2556,2550,1969
13507443,"Kazakouski, Valery",GM,,LTU,2584,2542,2544,2000
4676670,"Bindrich, Falko",GM,,GER,2584,2548,2566,1990
8600783,"Yin, Hao",IM,,CHN,2583,,,1979
1319620,"Studer, Noel",GM,FI,SUI,2582,2482,2452,1996
13600613,"Kacheishvili, Giorgi",GM,,GEO,2582,2499,2571,1977
108049,"Flores, Diego",GM,FT,ARG,2582,2574,2596,1982
1202758,"Nisipeanu, Liviu-Dieter",GM,,ROU,2582,2605,2625,1976
3700488,"Bachmann, Axel",GM,,PAR,2582,2617,2609,1989
2106388,"Supi, Luis Paulo",GM,,BRA,2581,2538,2512,1996
4198603,"Shimanov, Aleksandr",GM,,RUS,2581,2584,2576,1992
1700022,"Hellers, Ferdinand",GM,,SWE,2581,2343,2379,1969
110973,"Pichot, Alan",GM,,ESP,2581,2576,2608,1998
4625498,"Gustafsson, Jan",GM,FST,GER,2580,2641,2519,1979
10601619,"Adly, Ahmed",GM,FT,EGY,2580,2556,2606,1987
1126881,"Swiercz, Dariusz",GM,,USA,2579,2654,2577,1994
1610856,"Ragger, Markus",GM,FT,AUT,2579,2607,2562,1988
1438832,"Thybo, Jesper Sondergaard",GM,,DEN,2579,2425,2407,1999
34184934,"Dudin, Gleb",GM,,HUN,2579,2515,2400,2004
14103222,"Goloshchapov, Alexander",GM,FST,UKR,2578,2524,2565,1978
2107139,"Fier, Alexandr",GM,,BRA,2578,2545,2544,1988
700088,"Polgar, Susan",GM WIM,FST,HUN,2577,,,1969
1207822,"Lupulescu, Constantin",GM,,ROU,2577,2515,2548,1984
1533533,"Amar, Elham",GM,,NOR,2576,2521,2555,2005
1304364,"Milov, Vadim",GM,,SUI,2576,2616,2519,1972
13400819,"Mamedov, Nidjat",GM,FT,AZE,2575,2608,2645,1985
8602956,"Wen, Yang",GM,FST,CHN,2575,2524,2596,1988
2100029,"Milos, Gilberto",GM,,BRA,2575,2582,2569,1963
42520835,"Movahed, Sina",GM,,IRI,2575,2446,2524,2010
4650891,"Naiditsch, Arkadij",GM,,BUL,2574,2528,2603,1985
1503707,"Hammer, Jon Ludvig",GM,FT,NOR,2574,2637,2540,1990
8600147,"Xie, Jun",GM WIM,FST,CHN,2574,,,1970
13300857,"Petrosyan, Manuel",GM,,ARM,2574,2547,2536,1998
13300024,"Lputian, Smbat",GM,FST,ARM,2574,,,1958
1001302,"Reinderman, Dimitri",GM,DI,NED,2574,,2523,1972
23718293,"Finek, Vaclav",IM,,CZE,2573,2454,2504,2010
1185934,"Teclaf, Pawel",GM,,POL,2573,2536,2574,2003
4119142,"Korotylev, Alexey",GM,,RUS,2573,,2606,1977
4212312,"Pavlidis, Antonios",GM,FI,GRE,2573,2614,2535,1993
5045207,"Ghosh, Diptayan",GM,,IND,2573,2480,2529,1998
4119800,"Dyachkov, Sergej",GM,,RUS,2572,,,1976
3507416,"Bacallao Alonso, Yusnel",GM,,CUB,2572,2495,2561,1988
13301527,"Gharamian, Tigran",GM,,FRA,2572,2597,2628,1984
13502956,"Zhigalko, Sergei",GM,,BLR,2572,2562,2588,1989
14100142,"Kruppa, Yuri",GM,FST,UKR,2572,2571,,1964
4300033,"Cheng, Bobby",GM,,AUS,2571,2507,2481,1997
8607508,"Li, Di",GM,,CHN,2571,2432,2440,1999
6500617,"Ramirez, Alejandro",GM,,NON,2571,2579,2683,1988
900010,"Ljubojevic, Ljubomir",GM,,SRB,2571,2471,2504,1950
4221990,"Kourkoulos-Arditis, Stamatis",GM,,GRE,2570,2469,2464,1998
412686,"Hawkins, Jonathan",GM,,ENG,2570,2579,2500,1983
13601520,"Jobava, Baadur",GM,,GEO,2570,2629,2634,1983
2070901,"Burke, John M",GM,,USA,2569,,2574,2001
14102560,"Moiseenko, Alexander",GM,FST,UKR,2569,2521,2531,1980
13600044,"Giorgadze, Giorgi Gel",GM,FST,GEO,2569,2550,2518,1964
5045185,"Vaibhav, Suri",GM,,IND,2569,2534,2484,1997
5058422,Narayanan S L,GM,,IND,2569,2546,2647,1998
20657307,"Rambaldi, Francesco",GM,,ITA,2569,2487,2509,1999
5002150,"Ganguly, Surya Shekhar",GM,,IND,2568,2545,2491,1983
1111914,"Miton, Kamil",GM,DI,POL,2568,2546,2501,1984
4653530,"Kritz, Leonid",GM,,GER,2568,,,1984
2803895,"Avrukh, Boris",GM,FST,USA,2567,2552,2625,1978
14400030,"Sokolov, Ivan",GM,FST,NED,2567,2588,2583,1968
12804444,"Stremavicius, Titas",GM,,LTU,2567,2535,2367,1998
8605114,"Lei, Tingjie",GM WGM,,CHN,2566,2494,2438,1997
25006479,Karthik Venkataraman,GM,,IND,2566,2499,2453,1999
7100019,"Wahjuwidajat, Utut Adianto",GM,FST,INA,2566,,,1965
14531534,"Livaic, Leon",GM,,CRO,2565,2523,2582,2000
4189302,"Sjugirov, Sanan",GM,,HUN,2565,2550,2578,1993
1506102,"Urkedal, Frode Olav Olsen",GM,FT,NOR,2565,2514,2438,1993
6383742,"Can, Isik",GM,,TUR,2565,2450,2443,2005
14101866,"Ovsejevitsch, Sergei",GM,FT,UKR,2564,2487,2439,1977
2804158,"Roiz, Michael",GM,,ISR,2564,2538,2596,1983
1007246,"Smeets, Jan",GM,FST,NED,2564,2517,2514,1985
2820242,"Sokolovsky, Yahli",GM,,ISR,2564,2420,2424,2006
2000059,"Christiansen, Larry",GM,,USA,2563,2584,,1956
4153251,"Panarin, Mikhail",GM,,RUS,2562,2469,2497,1983
726265,"Prohaszka, Peter",GM,FT,HUN,2562,2540,2560,1992
1642561,"Horvath, Dominik",GM,,AUT,2562,2443,2466,2003
4667719,"Baramidze, David",GM,,GER,2562,,,1988
4146786,"Maletin, Pavel",GM,,RUS,2562,2587,2545,1986
2801990,"Smirin, Ilia",GM,,ISR,2562,2478,2508,1968
813192,"Vocaturo, Daniele",GM,FT,ITA,2561,2576,2565,1989
13302191,"Grigoryan, Avetik",GM,,ARM,2561,2589,2533,1989
8600694,"Zhang, Zhong",GM,FT,CHN,2561,2469,2478,1978
11602945,"Kantans, Toms",GM,,LAT,2560,2417,2399,1994
14505959,"Jankovic, Alojzije",GM,FT,CRO,2560,2489,2504,1983
21864080,"Malek, Jan",GM,,POL,2560,2290,2404,2007
4100093,"Dolmatov, Sergey",GM,,RUS,2560,,,1959
1017063,"Bok, Benjamin",GM,,NED,2560,2580,2633,1995
2270544,"Alonso Rosell, Alvar",GM,,ESP,2560,2503,2570,1992
1400037,"Hansen, Lars Bo",GM,,DEN,2560,,,1968
11600454,"Fridman, Daniel",GM,FST,GER,2560,2569,2535,1976
4671910,"Kraemer, Martin",GM,,GER,2560,2527,2516,1987
13500520,"Shulman, Yury",GM,,USA,2559,,,1975
11601388,"Neiksans, Arturs",GM,FT,LAT,2559,2522,2553,1983
1413864,"Andersen, Mads",GM,,DEN,2559,2492,2480,1995
8603006,"Ju, Wenjun",GM WGM,,CHN,2559,2481,2458,1991
14200937,"Gareyev, Timur",GM,,NON,2558,2574,2497,1988
4152417,"Oleksiyenko, Mykhaylo",GM,FT,UKR,2558,2460,2525,1986
13707647,"Makhnev, Denis",GM,,KAZ,2558,2544,2539,2000
1124552,"Warakomski, Tomasz",GM,FT,POL,2558,2449,2445,1989
3509362,"Quesada Perez, Yasser",GM,,CUB,2558,2498,2507,1992
13900200,"Iordachescu, Viorel",GM,FST,MDA,2558,2428,2478,1977
14603152,"Borisek, Jure",GM,,SLO,2558,2548,2561,1986
8600970,"Zhang, Pengxiang",GM,,CHN,2557,2504,2566,1980
13501470,"Azarov, Sergei",GM,,FID,2557,2559,2475,1983
13602543,"Jojua, Davit",GM,FST,GEO,2557,2527,2526,1989
708020,"Acs, Peter",GM,FT,HUN,2557,2474,2537,1981
603767,"Bauer, Christian",GM,,FRA,2557,2569,2620,1977
8603847,"Zeng, Chongsheng",GM,,CHN,2557,2484,2514,1993
107069,"Felgaer, Ruben",GM,DI,ARG,2556,2529,2455,1981
620084,"Cornette, Matthieu",GM,FT,FRA,2556,2544,2471,1985
895733,"Sonis, Francesco",GM,,ITA,2556,2571,2463,2002
2801795,"Steinberg, Nitzan",GM,,ISR,2556,2516,2488,1998
14117207,"Baryshpolets, Andrey",GM,,UKR,2556,2479,2532,1991
1405853,"Palo, Davor",GM,,DEN,2556,,,1985
14618583,"Subelj, Jan",GM,,SLO,2555,2536,2515,2004
14604299,"Skoberne, Jure",GM,,SLO,2555,2458,2473,1987
930849,"Predojevic, Borki",GM,FT,BIH,2555,2587,2597,1987
13504398,"Kovalev, Vladislav",GM,,FID,2555,2499,2543,1994
3503739,"Bruzon Batista, Lazaro",GM,,USA,2555,2615,2647,1982
4105249,"Berdichevski, Igor",GM,,RUS,2555,,,1964
4130901,"Maslak, Konstantin",GM,,RUS,2555,2478,2520,1984
14903474,"Markos, Jan",GM,,SVK,2555,2541,,1985
201260,"Chuchelov, Vladimir",GM,FST,BEL,2554,,,1969
922277,"Vuckovic, Bojan",GM,,SRB,2554,2570,2478,1980
4618777,"Jussupow, Artur",GM,FST,GER,2554,2461,2430,1960
4101286,"Petrov, Nikita",GM,,MNE,2554,2539,2526,1996
4180887,"Bocharov, Ivan",GM,,RUS,2554,2547,2617,1990
12809390,"Pultinevicius, Paulius",GM,,LTU,2554,2600,2531,2001
200930,"Gurevich, Mikhail",GM,FST,BEL,2554,2567,2610,1959
5018293,Kannappan Priyadharshan,GM,FT,IND,2553,2478,2464,1993
13303732,"Gabuzyan, Hovhannes",GM,,ARM,2553,2529,2513,1995
1705024,"Agrest, Evgenij",GM,DI,SWE,2553,2561,2536,1966
4117654,"Filippov, Valerij",GM,,RUS,2553,2511,2551,1975
8625492,"Xue, Haowen",GM,,CHN,2553,2442,2407,2008
2100010,"Mecking, Henrique",GM,,BRA,2553,2573,2587,1952
5097010,Sankalp Gupta,GM,,IND,2553,2419,2460,2003
2815532,"Gorshtein, Ido",GM,,ISR,2553,2516,2435,2002
13300580,"Akobian, Varuzhan",GM,,USA,2553,2542,2524,1983
1107038,"Socko, Bartosz",GM,FST,POL,2552,2516,2469,1978
8608156,"Dai, Changren",GM,,CHN,2552,2405,2407,1999
44144474,"Vetokhin, Savva",GM,,FID,2552,2516,2514,2009
5004985,"Sasikiran, Krishnan",GM,,IND,2552,2520,2501,1981
105309,"Peralta, Fernando",GM,FT,ARG,2552,2571,2535,1979
14400014,"Nikolic, Predrag",GM,FST,BIH,2551,2615,2550,1960
4131061,"Potkin, Vladimir",GM,FST,RUS,2551,2508,2457,1982
24164879,"Lomasov, Semyon",GM,,ISR,2551,2550,2485,2002
13300032,"Akopian, Vladimir",GM,FST,USA,2551,2594,2652,1971
44105681,"Makarian, Rudik",GM,,FID,2551,2555,2610,2004
2059630,"Tang, Andrew",GM,,USA,2551,2440,2553,1999
4138716,"Bocharov, Dmitry",GM,,RUS,2551,2510,2499,1982
5021596,"Sethuraman, S.P.",GM,,IND,2551,2526,2503,1993
719978,"Erdos, Viktor",GM,FT,HUN,2551,2505,2577,1987
4100425,"Smagin, Sergey",GM,,RUS,2551,2264,2232,1958
2000113,"Dzindzichashvili, Roman",GM,,USA,2550,,,1944
14509792,"Martinovic, Sasa",GM,FT,CRO,2550,2523,2444,1991
4121830,"Motylev, Alexander",GM,FST,ROU,2550,2602,2490,1979
108820,"Lafuente, Pablo",GM,FT,ARG,2550,,,1985
1185080,"Kosakowski, Jakub",GM,,POL,2550,2536,2525,2002
1702092,"Hellsten, Johan",GM,,SWE,2550,2533,2552,1975
13600966,"Mchedlishvili, Mikheil",GM,FT,GEO,2550,2538,2517,1979
6302718,"Yilmaz, Mustafa",GM,,TUR,2549,2529,2505,1992
6300545,"Sanal, Vahap",GM,,TUR,2549,2530,2547,1998
24183555,"Afanasiev, Nikita",GM,,RUS,2549,2489,2520,2000
13601741,"Arutinian, David",GM,FST,GEO,2549,2496,2525,1984
1003720,"Van den Doel, Erik",GM,,NED,2549,2514,2510,1979
14507927,"Bosiocic, Marin",GM,FT,CRO,2549,2506,2590,1988
13302000,"Andriasian, Zaven",GM,FT,ARM,2549,2601,2557,1989
2100789,"Vescovi, Giovanni",GM,,BRA,2549,2514,2495,1978
4148843,"Romanov, Evgeny",GM,FST,MKD,2549,2488,2491,1988
14107201,"Efimenko, Zahar",GM,,UKR,2548,2607,2546,1985
21874697,"Seemann, Jakub",GM,,POL,2548,2415,2380,2008
4130804,"Grigoriants, Sergey",GM,,HUN,2548,2520,2503,1983
4151119,"Nechepurenko, Roman V.",FM,,RUS,2548,2518,2527,1988
616915,"Gozzoli, Yannick",GM,FST,FRA,2548,2594,2575,1983
1632051,"Blohberger, Felix",GM,,AUT,2548,2452,2432,2002
